Workbook

Sheet Overview
A1: LevelUp Quest Platform — Sprint Planning Workbook
A2: Gamified Enterprise Learning Platform | React + .NET + Azure + Dynamics 365 CRM
A4: Project Vision | B4: A gamified enterprise learning platform where users complete quests, earn XP, level up, unlock skills, earn achievements, join guilds, fight boss battles, and track learning progress — integrated with Dynamics 365 CRM and deployed on Azure.
A5: Methodology | B5: Scrum — 14 Sprints (Sprint 0 through Sprint 13), 2-week sprint cadence recommended (~28 weeks total, roughly 7 months).
A6: Tech Stack | B6: Frontend: React + TypeScript. Backend: ASP.NET Core Web API (Clean Architecture: API / Application / Domain / Infrastructure). Database: SQL Server / Azure SQL. Cache: Redis. CRM: Dynamics 365 / Dataverse. Cloud: Azure App Service, Azure Storage, Key Vault, Service Bus, Application Insights. CI/CD: Azure DevOps Pipelines.
A7: Recommended Delivery Approach | B7: Do not design everything upfront. Complete Sprint 0 and Sprint 1 first. Build, test, and deploy each sprint before moving to the next — this mirrors how successful product teams deliver software and builds practical experience across the full stack.
A8: How To Use This Workbook | B8: Sprint Summary = roadmap at a glance. Sprint Backlog = the working task tracker (update Status/% Complete/Actual Hours as work happens). Database Schema = all tables mapped to the sprint that creates them. RACI & Team = role assignment. Risk Register = review every sprint planning & retro. Definition of Done = the quality bar per story. Learning Roadmap = suggested study order.
A9: Color Legend | B9: Yellow-shaded cells are editable tracking fields (Status, % Complete, Actual Hours, Assignee, Notes). All other cells are the fixed plan — edit with care.
A11: KEY METRICS (auto-calculated from Sprint Backlog)
A12: Total Sprints | B12: 14
A13: Total Epics | B13: =SUMPRODUCT((COUNTIF('Sprint Backlog'!$C$4:$C$121,'Sprint Backlog'!$C$4:$C$121&"")>0)/COUNTIF('Sprint Backlog'!$C$4:$C$121,'Sprint Backlog'!$C$4:$C$121&"")) -> 14
A14: Total User Stories | B14: =SUMPRODUCT((COUNTIF('Sprint Backlog'!$D$4:$D$121,'Sprint Backlog'!$D$4:$D$121&"")>0)/COUNTIF('Sprint Backlog'!$D$4:$D$121,'Sprint Backlog'!$D$4:$D$121&"")) -> 14
A15: Total Tasks | B15: =COUNTA('Sprint Backlog'!$F$4:$F$121) -> 118
A16: Total Estimated Hours | B16: =SUM('Sprint Backlog'!$J$4:$J$121) -> 443
A17: Total Story Points | B17: =SUM('Sprint Backlog'!$K$4:$K$121) -> 311
A18: Tasks Completed | B18: =COUNTIF('Sprint Backlog'!$L$4:$L$121,"Done") -> 0
A19: % Complete | B19: =IFERROR(COUNTIF('Sprint Backlog'!$L$4:$L$121,"Done")/COUNTA('Sprint Backlog'!$F$4:$F$121),0) -> 0

Sheet Sprint Backlog
A1: Sprint Backlog — Full Task Tracker (118 Tasks)
A2: Yellow columns (Status, % Complete, Assignee, Actual Hours, Notes) are editable tracking fields.
A3: Sprint # | B3: Sprint Name | C3: Epic | D3: User Story ID | E3: User Story | F3: Task ID | G3: Task | H3: Category | I3: Priority | J3: Est. Hours | K3: Story Pts | L3: Status | M3: % Complete | N3: Assignee | O3: Actual Hours | P3: Notes
A4: 0 | B4: Sprint 0 - Foundation | C4: Foundation & Project Setup | D4: US-001 | E4: As a developer, I want to create the solution structure, so that development can begin. | F4: T-001 | G4: Create Git repository (mono-repo or multi-repo strategy decision) | H4: DevOps | I4: High | J4: 2 | K4: 1 | L4: Not Started | M4: 0 | O4: 0
A5: 0 | B5: Sprint 0 - Foundation | C5: Foundation & Project Setup | D5: US-001 | E5: As a developer, I want to create the solution structure, so that development can begin. | F5: T-002 | G5: Create Azure DevOps project (Boards, Repos, Pipelines) | H5: DevOps | I5: High | J5: 2 | K5: 1 | L5: Not Started | M5: 0 | O5: 0
A6: 0 | B6: Sprint 0 - Foundation | C6: Foundation & Project Setup | D6: US-001 | E6: As a developer, I want to create the solution structure, so that development can begin. | F6: T-003 | G6: Scaffold React application (Vite/CRA + TypeScript template) | H6: Frontend | I6: High | J6: 3 | K6: 2 | L6: Not Started | M6: 0 | O6: 0
A7: 0 | B7: Sprint 0 - Foundation | C7: Foundation & Project Setup | D7: US-001 | E7: As a developer, I want to create the solution structure, so that development can begin. | F7: T-004 | G7: Scaffold .NET Web API (Clean Architecture: API/Application/Domain/Infrastructure) | H7: Backend | I7: High | J7: 4 | K7: 3 | L7: Not Started | M7: 0 | O7: 0
A8: 0 | B8: Sprint 0 - Foundation | C8: Foundation & Project Setup | D8: US-001 | E8: As a developer, I want to create the solution structure, so that development can begin. | F8: T-005 | G8: Provision SQL Server database (local + dev instance) | H8: Database | I8: High | J8: 3 | K8: 2 | L8: Not Started | M8: 0 | O8: 0
A9: 0 | B9: Sprint 0 - Foundation | C9: Foundation & Project Setup | D9: US-001 | E9: As a developer, I want to create the solution structure, so that development can begin. | F9: T-006 | G9: Configure Swagger / OpenAPI documentation | H9: Backend | I9: Medium | J9: 2 | K9: 1 | L9: Not Started | M9: 0 | O9: 0
A10: 0 | B10: Sprint 0 - Foundation | C10: Foundation & Project Setup | D10: US-001 | E10: As a developer, I want to create the solution structure, so that development can begin. | F10: T-007 | G10: Configure ESLint rules for frontend | H10: Frontend | I10: Medium | J10: 1 | K10: 1 | L10: Not Started | M10: 0 | O10: 0
A11: 0 | B11: Sprint 0 - Foundation | C11: Foundation & Project Setup | D11: US-001 | E11: As a developer, I want to create the solution structure, so that development can begin. | F11: T-008 | G11: Configure Prettier formatting | H11: Frontend | I11: Medium | J11: 1 | K11: 1 | L11: Not Started | M11: 0 | O11: 0
A12: 0 | B12: Sprint 0 - Foundation | C12: Foundation & Project Setup | D12: US-001 | E12: As a developer, I want to create the solution structure, so that development can begin. | F12: T-009 | G12: Configure Git branching strategy (GitFlow/trunk-based) + branch policies | H12: DevOps | I12: High | J12: 2 | K12: 1 | L12: Not Started | M12: 0 | O12: 0
A13: 0 | B13: Sprint 0 - Foundation | C13: Foundation & Project Setup | D13: US-001 | E13: As a developer, I want to create the solution structure, so that development can begin. | F13: T-010 | G13: Set up folder structure: /frontend, /backend, /database, /docs | H13: DevOps | I13: High | J13: 1 | K13: 1 | L13: Not Started | M13: 0 | O13: 0
A14: 0 | B14: Sprint 0 - Foundation | C14: Foundation & Project Setup | D14: US-001 | E14: As a developer, I want to create the solution structure, so that development can begin. | F14: T-011 | G14: Write project README and contribution guidelines | H14: Docs | I14: Low | J14: 2 | K14: 1 | L14: Not Started | M14: 0 | O14: 0
A15: 1 | B15: Sprint 1 - Authentication | C15: User Authentication | D15: US-002 | E15: As a user, I want to register and log in, so that I can access the platform. | F15: T-012 | G15: Create User entity + EF Core configuration | H15: Backend | I15: High | J15: 3 | K15: 2 | L15: Not Started | M15: 0 | O15: 0
... A121: 13 | B121: Sprint 13 - Enterprise Hardening | C121: Enterprise Features | D121: US-014 | E121: As a platform owner, I want enterprise-grade reliability and security, so that the platform is production-ready. | F121: T-118 | G121: Final UAT sign-off + go-live checklist | H121: PM | I121: High | J121: 4 | K121: 3 | L121: Not Started | M121: 0 | O121: 0
F122: TOTALS | G122: (118 tasks) | J122: =SUM(J4:J121) -> 443 | K122: =SUM(K4:K121) -> 311 | O122: =SUM(O4:O121) -> 0

Sheet Sprint Summary
A1: Sprint Summary — Roadmap At A Glance
A2: 14 Sprints | Suggested cadence: 2 weeks per sprint (~28 weeks total)
A3: Sprint # | B3: Sprint Name | C3: Epic Focus | D3: # Tasks | E3: Est. Hours | F3: Story Points | G3: Tasks Done | H3: % Complete | I3: Suggested Duration | J3: Sprint Goal / Definition of Done
A4: 0 | B4: Sprint 0 - Foundation | C4: Foundation & Project Setup | D4: =COUNTIF('Sprint Backlog'!$A$4:$A$121,A4) -> 11 | E4: =SUMIF('Sprint Backlog'!$A$4:$A$121,A4,'Sprint Backlog'!$J$4:$J$121) -> 23 | F4: =SUMIF('Sprint Backlog'!$A$4:$A$121,A4,'Sprint Backlog'!$K$4:$K$121) -> 15 | G4: =COUNTIFS('Sprint Backlog'!$A$4:$A$121,A4,'Sprint Backlog'!$L$4:$L$121,"Done") -> 0 | H4: =IFERROR(G4/D4,0) -> 0 | I4: 1 week | J4: Repo, Azure DevOps project, React app, .NET Web API, SQL DB, linting/formatting, and branching strategy are all in place and buildable.
A5: 1 | B5: Sprint 1 - Authentication | C5: User Authentication | D5: =COUNTIF('Sprint Backlog'!$A$4:$A$121,A5) -> 13 | E5: =SUMIF('Sprint Backlog'!$A$4:$A$121,A5,'Sprint Backlog'!$J$4:$J$121) -> 45 | F5: =SUMIF('Sprint Backlog'!$A$4:$A$121,A5,'Sprint Backlog'!$K$4:$K$121) -> 31 | G5: =COUNTIFS('Sprint Backlog'!$A$4:$A$121,A5,'Sprint Backlog'!$L$4:$L$121,"Done") -> 0 | H5: =IFERROR(G5/D5,0) -> 0 | I5: 2 weeks | J5: A user can register, log in, refresh a JWT, and reset a forgotten password end-to-end; auth unit tests and E2E tests pass in CI.
A6: 2 | B6: Sprint 2 - Character System | C6: Player Profile | D6: =COUNTIF('Sprint Backlog'!$A$4:$A$121,A6) -> 8 | E6: =SUMIF('Sprint Backlog'!$A$4:$A$121,A6,'Sprint Backlog'!$J$4:$J$121) -> 28 | F6: =SUMIF('Sprint Backlog'!$A$4:$A$121,A6,'Sprint Backlog'!$K$4:$K$121) -> 18 | G6: =COUNTIFS('Sprint Backlog'!$A$4:$A$121,A6,'Sprint Backlog'!$L$4:$L$121,"Done") -> 0 | H6: =IFERROR(G6/D6,0) -> 0 | I6: 2 weeks | J6: A player can view their profile with avatar, level, XP bar, and rank; XP/level formula is unit-tested and matches spec.
A7: 3 | B7: Sprint 3 - Quest System | C7: Quest Management | D7: =COUNTIF('Sprint Backlog'!$A$4:$A$121,A7) -> 10 | E7: =SUMIF('Sprint Backlog'!$A$4:$A$121,A7,'Sprint Backlog'!$J$4:$J$121) -> 38 | F7: =SUMIF('Sprint Backlog'!$A$4:$A$121,A7,'Sprint Backlog'!$K$4:$K$121) -> 26 | G7: =COUNTIFS('Sprint Backlog'!$A$4:$A$121,A7,'Sprint Backlog'!$L$4:$L$121,"Done") -> 0 | H7: =IFERROR(G7/D7,0) -> 0 | I7: 2 weeks | J7: Players can view and complete daily/weekly/monthly quests and receive correct XP rewards; quest board is fully functional.
A8: 4 | B8: Sprint 4 - Skill Tree | C8: Skill Progression | D8: =COUNTIF('Sprint Backlog'!$A$4:$A$121,A8) -> 7 | E8: =SUMIF('Sprint Backlog'!$A$4:$A$121,A8,'Sprint Backlog'!$J$4:$J$121) -> 31 | F8: =SUMIF('Sprint Backlog'!$A$4:$A$121,A8,'Sprint Backlog'!$K$4:$K$121) -> 24 | G8: =COUNTIFS('Sprint Backlog'!$A$4:$A$121,A8,'Sprint Backlog'!$L$4:$L$121,"Done") -> 0 | H8: =IFERROR(G8/D8,0) -> 0 | I8: 2 weeks | J8: Players can view an interactive skill tree for React/TypeScript/SQL/.NET/Azure/Dynamics and unlock nodes when prerequisites are met.
A9: 5 | B9: Sprint 5 - Achievements | C9: Achievements | D9: =COUNTIF('Sprint Backlog'!$A$4:$A$121,A9) -> 7 | E9: =SUMIF('Sprint Backlog'!$A$4:$A$121,A9,'Sprint Backlog'!$J$4:$J$121) -> 25 | F9: =SUMIF('Sprint Backlog'!$A$4:$A$121,A9,'Sprint Backlog'!$K$4:$K$121) -> 17 | G9: =COUNTIFS('Sprint Backlog'!$A$4:$A$121,A9,'Sprint Backlog'!$L$4:$L$121,"Done") -> 0 | H9: =IFERROR(G9/D9,0) -> 0 | I9: 2 weeks | J9: Achievement engine triggers correctly on defined events; players see unlocked/locked achievements with unlock animations.
A10: 6 | B10: Sprint 6 - Leaderboard | C10: Competition | D10: =COUNTIF('Sprint Backlog'!$A$4:$A$121,A10) -> 7 | E10: =SUMIF('Sprint Backlog'!$A$4:$A$121,A10,'Sprint Backlog'!$J$4:$J$121) -> 28 | F10: =SUMIF('Sprint Backlog'!$A$4:$A$121,A10,'Sprint Backlog'!$K$4:$K$121) -> 19 | G10: =COUNTIFS('Sprint Backlog'!$A$4:$A$121,A10,'Sprint Backlog'!$L$4:$L$121,"Done") -> 0 | H10: =IFERROR(G10/D10,0) -> 0 | I10: 2 weeks | J10: Global, guild, and weekly leaderboards return correct, cached, and performant rankings under load.
A11: 7 | B11: Sprint 7 - Guild System | C11: Teams | D11: =COUNTIF('Sprint Backlog'!$A$4:$A$121,A11) -> 7 | E11: =SUMIF('Sprint Backlog'!$A$4:$A$121,A11,'Sprint Backlog'!$J$4:$J$121) -> 29 | F11: =SUMIF('Sprint Backlog'!$A$4:$A$121,A11,'Sprint Backlog'!$K$4:$K$121) -> 21 | G11: =COUNTIFS('Sprint Backlog'!$A$4:$A$121,A11,'Sprint Backlog'!$L$4:$L$121,"Done") -> 0 | H11: =IFERROR(G11/D11,0) -> 0 | I11: 2 weeks | J11: Players can create, search, join, and leave guilds; guild events and guild-level XP tracking work correctly.
A12: 8 | B12: Sprint 8 - Boss Battles | C12: Major Challenges | D12: =COUNTIF('Sprint Backlog'!$A$4:$A$121,A12) -> 8 | E12: =SUMIF('Sprint Backlog'!$A$4:$A$121,A12,'Sprint Backlog'!$J$4:$J$121) -> 34 | F12: =SUMIF('Sprint Backlog'!$A$4:$A$121,A12,'Sprint Backlog'!$K$4:$K$121) -> 26 | G12: =COUNTIFS('Sprint Backlog'!$A$4:$A$121,A12,'Sprint Backlog'!$L$4:$L$121,"Done") -> 0 | H12: =IFERROR(G12/D12,0) -> 0 | I12: 2 weeks | J12: All 3 boss battles (Full CRUD API, Deploy to Azure, Integrate Dynamics CRM) are playable end-to-end with correct validation and rewards.
A13: 9 | B13: Sprint 9 - Notifications | C13: Communication | D13: =COUNTIF('Sprint Backlog'!$A$4:$A$121,A13) -> 8 | E13: =SUMIF('Sprint Backlog'!$A$4:$A$121,A13,'Sprint Backlog'!$J$4:$J$121) -> 31 | F13: =SUMIF('Sprint Backlog'!$A$4:$A$121,A13,'Sprint Backlog'!$K$4:$K$121) -> 22 | G13: =COUNTIFS('Sprint Backlog'!$A$4:$A$121,A13,'Sprint Backlog'!$L$4:$L$121,"Done") -> 0 | H13: =IFERROR(G13/D13,0) -> 0 | I13: 2 weeks | J13: Email, in-app, and push notifications fire reliably on key events (quest complete, level up, achievement unlocked).
A14: 10 | B14: Sprint 10 - Dynamics 365 CRM | C14: CRM Integration | D14: =COUNTIF('Sprint Backlog'!$A$4:$A$121,A14) -> 8 | E14: =SUMIF('Sprint Backlog'!$A$4:$A$121,A14,'Sprint Backlog'!$J$4:$J$121) -> 38 | F14: =SUMIF('Sprint Backlog'!$A$4:$A$121,A14,'Sprint Backlog'!$K$4:$K$121) -> 26 | G14: =COUNTIFS('Sprint Backlog'!$A$4:$A$121,A14,'Sprint Backlog'!$L$4:$L$121,"Done") -> 0 | H14: =IFERROR(G14/D14,0) -> 0 | I14: 3 weeks | J14: Player, achievement, and learning-progress data sync reliably to Dataverse with error handling, retries, and an admin sync dashboard.
A15: 11 | B15: Sprint 11 - Analytics | C15: Reporting | D15: =COUNTIF('Sprint Backlog'!$A$4:$A$121,A15) -> 7 | E15: =SUMIF('Sprint Backlog'!$A$4:$A$121,A15,'Sprint Backlog'!$J$4:$J$121) -> 28 | F15: =SUMIF('Sprint Backlog'!$A$4:$A$121,A15,'Sprint Backlog'!$K$4:$K$121) -> 20 | G15: =COUNTIFS('Sprint Backlog'!$A$4:$A$121,A15,'Sprint Backlog'!$L$4:$L$121,"Done") -> 0 | H15: =IFERROR(G15/D15,0) -> 0 | I15: 2 weeks | J15: XP growth, learning progress, skill growth, and completion-rate dashboards are live in-app (Recharts) and in Power BI, with validated data accuracy.
... A17: 13 | B17: Sprint 13 - Enterprise Hardening | C17: Enterprise Features | D17: =COUNTIF('Sprint Backlog'!$A$4:$A$121,A17) -> 8 | E17: =SUMIF('Sprint Backlog'!$A$4:$A$121,A17,'Sprint Backlog'!$J$4:$J$121) -> 35 | F17: =SUMIF('Sprint Backlog'!$A$4:$A$121,A17,'Sprint Backlog'!$K$4:$K$121) -> 27 | G17: =COUNTIFS('Sprint Backlog'!$A$4:$A$121,A17,'Sprint Backlog'!$L$4:$L$121,"Done") -> 0 | H17: =IFERROR(G17/D17,0) -> 0 | I17: 2 weeks | J17: Audit logging, Redis caching, rate limiting, and OWASP Top 10 remediation are complete; full regression suite passes and UAT is signed off.
B18: GRAND TOTAL | D18: =SUM(D4:D17) -> 118 | E18: =SUM(E4:E17) -> 443 | F18: =SUM(F4:F17) -> 311 | G18: =SUM(G4:G17) -> 0 | H18: =IFERROR(G18/D18,0) -> 0

Sheet Database Schema
A1: Database Schema — Table Inventory by Sprint
A3: Sprint Introduced | B3: Table Name | C3: Purpose | D3: Key Relationships
A4: 1 | B4: Users | C4: Core user account record (email, password hash, status) | D4: 1:N RefreshTokens, N:N Roles via UserRoles, 1:1 PlayerProfiles
A5: 1 | B5: Roles | C5: Application roles (Player, Admin, GuildLeader, etc.) | D5: N:N Users via UserRoles
A6: 1 | B6: UserRoles | C6: Join table between Users and Roles | D6: FK → Users, FK → Roles
A7: 1 | B7: RefreshTokens | C7: Active/expired JWT refresh tokens per user | D7: FK → Users
A8: 2 | B8: PlayerProfiles | C8: Avatar, current level, XP, rank per player | D8: FK → Users, FK → Ranks
A9: 2 | B9: Ranks | C9: Rank tiers (e.g., Bronze/Silver/Gold) tied to level/XP thresholds | D9: Referenced by PlayerProfiles
A10: 3 | B10: Quests | C10: Quest definitions (title, type: daily/weekly/monthly, description) | D10: 1:N QuestRewards, 1:N UserQuests
A11: 3 | B11: QuestRewards | C11: XP/item rewards tied to a quest | D11: FK → Quests
A12: 3 | B12: UserQuests | C12: Tracks a user's progress/completion on a quest | D12: FK → Users, FK → Quests
A13: 4 | B13: Skills | C13: Skill categories (React, TypeScript, SQL, .NET, Azure, Dynamics) | D13: 1:N SkillNodes
A14: 4 | B14: SkillNodes | C14: Individual unlockable nodes within a skill tree, with prerequisites | D14: FK → Skills, self-referencing prerequisite FK
A15: 4 | B15: UserSkills | C15: Tracks which skill nodes a user has unlocked | D15: FK → Users, FK → SkillNodes
... A21: 13 | B21: AuditLogs | C21: Immutable log of sensitive actions across the platform | D21: FK → Users (actor), polymorphic entity reference
A24: Note: Dataverse tables (Players, Skills, Achievements, LearningProgress) introduced in Sprint 10 for CRM sync live in Dynamics 365 / Dataverse, not SQL Server — see 'Sprint Backlog' Sprint 10 rows.

Sheet RACI & Team
A1: RACI & Team Allocation
A2: Suggested for a solo learner scaling toward a small team; adjust headcount to your actual team size.
A3: Role | B3: Responsibilities | C3: Sprints Most Involved | D3: Recommended Headcount
A4: Product Owner / PM | B4: Owns backlog priority, sprint goals, stakeholder communication, UAT sign-off | C4: All sprints | D4: 1
A5: Scrum Master | B5: Facilitates ceremonies, removes blockers, tracks velocity | C5: All sprints | D5: 1 (can be shared role)
A6: Frontend Developer (React/TS) | B6: Builds all UI: auth pages, profile, quests, skill tree, leaderboard, guilds, dashboards | C6: 0,1,2,3,4,6,7,8,9,11 | D6: 1-2
A7: Backend Developer (.NET) | B7: Builds APIs, services, business logic, EF Core models, background jobs | C7: 0,1,2,3,4,5,6,7,8,9,10,13 | D7: 1-2
A8: Database Engineer | B8: Schema design, migrations, indexing, performance tuning | C8: 0,1,2,3,4,5,7,10 | D8: 1 (can be shared with backend dev)
A9: DevOps / Cloud Engineer | B9: Azure infra, CI/CD pipelines, Key Vault, monitoring, deployment | C9: 0,9,12,13 | D9: 1
A10: CRM/Dynamics Specialist | B10: Dataverse schema, Dynamics 365 integration and sync logic | C10: 10 | D10: 1 (can be contracted for this sprint)
A11: QA Engineer | B11: Test planning, unit/integration/E2E testing, regression, UAT support | C11: 1,3,4,6,7,8,9,10,11,12,13 | D11: 1
A12: Security Reviewer | B12: OWASP review, security headers, rate limiting sign-off | C12: 13 | D12: 1 (can be shared/consultant)

Sheet Risk Register
A1: Risk Register
A2: Review at every sprint planning session and retrospective. Risk Score = Likelihood (1-5) × Impact (1-5).
A3: Risk ID | B3: Risk Description | C3: Category | D3: Likelihood | E3: Impact | F3: Risk Score | G3: Mitigation Strategy | H3: Owner | I3: Status
A4: R-01 | B4: Dynamics 365 / Dataverse integration complexity underestimated (Sprint 10) | C4: Technical | D4: 4 | E4: 4 | F4: =D4*E4 -> 16 | G4: Timebox a spike in Sprint 9 to validate auth + one sync path before Sprint 10 begins; consider a short-term Dynamics specialist. | H4: Backend Lead | I4: Open
A5: R-02 | B5: Scope creep — gamification features (guilds, boss battles) grow beyond MVP | C5: Scope | D5: 4 | E5: 3 | F5: =D5*E5 -> 12 | G5: Lock sprint scope at planning; new ideas go to a backlog for a post-MVP phase, not the current sprint. | H5: Product Owner | I5: Open
A6: R-03 | B6: Azure cost overrun from underused provisioned services | C6: Financial | D6: 3 | E6: 3 | F6: =D6*E6 -> 9 | G6: Use Azure cost alerts/budgets from Sprint 12 onward; right-size App Service/SQL tiers for dev vs prod. | H6: DevOps Lead | I6: Open
A7: R-04 | B7: Leaderboard/Redis performance degrades at scale | C7: Technical | D7: 3 | E7: 3 | F7: =D7*E7 -> 9 | G7: Load test in Sprint 6; add caching and pagination early rather than retrofitting. | H7: Backend Lead | I7: Open
A8: R-05 | B8: Security vulnerabilities found late (only addressed in Sprint 13) | C8: Security | D8: 3 | E8: 5 | F8: =D8*E8 -> 15 | G8: Run lightweight security checks (dependency scanning, basic header checks) every sprint, not just Sprint 13. | H8: Security Reviewer | I8: Open
A9: R-06 | B9: Single-developer bottleneck if built solo without a team | C9: Resourcing | D9: 4 | E9: 4 | F9: =D9*E9 -> 16 | G9: Sequence sprints strictly, protect focus time, and consider pairing/contracting for CRM (Sprint 10) and security (Sprint 13) sprints. | H9: PM | I9: Open
A10: R-07 | B10: Skill tree / boss battle UI complexity slows Sprint 4 and 8 delivery | C10: Technical | D10: 3 | E10: 3 | F10: =D10*E10 -> 9 | G10: Timebox UI exploration; ship a functional (less polished) version first, iterate visuals post-MVP. | H10: Frontend Lead | I10: Open
A11: R-08 | B11: CI/CD pipeline misconfiguration delays first production deploy | C11: Technical | D11: 2 | E11: 4 | F11: =D11*E11 -> 8 | G11: Build and test the pipeline against a throwaway environment in Sprint 0/9, not for the first time in Sprint 12. | H11: DevOps Lead | I11: Open

Sheet Definition of Done
A1: Definition of Done — Quality Bar for Every User Story
A3: Checklist Item | B3: Applies To
A4: Code builds with zero errors/warnings in CI | B4: All stories
A5: Unit tests written and passing for new business logic | B5: Backend/Frontend
A6: API endpoints documented in Swagger/OpenAPI | B6: Backend
A7: Database migrations run cleanly on a fresh environment | B7: Database
A8: UI is responsive and matches design/UX expectations | B8: Frontend
A9: Code reviewed and approved by at least one other developer | B9: All stories
A10: No known Critical/High severity bugs open | B10: All stories
A11: Feature manually tested against acceptance criteria in the User Story | B11: All stories
A12: Security considerations reviewed (auth, input validation, secrets) | B12: Backend/Infra
A13: Deployed and verified in a Dev/Staging environment | B13: All stories
A14: Documentation updated (README, API docs, or runbook) if applicable | B14: All stories
A15: Product Owner has accepted the story against its acceptance criteria | B15: All stories

Sheet Learning Roadmap
A1: Recommended Learning Order
A2: Study just ahead of the sprint that needs it — don't front-load everything before Sprint 0.
A3: # | B3: Topic | C3: Why It Matters Here
A4: 1 | B4: React Fundamentals | C4: Needed starting Sprint 0/1 to build every UI screen.
A5: 2 | B5: TypeScript | C5: Type safety across the entire React app; used from Sprint 0 onward.
A6: 3 | B6: ASP.NET Core Web API | C6: Powers every backend endpoint from Sprint 0 onward.
A7: 4 | B7: Entity Framework Core | C7: ORM for all database entities, migrations, and queries.
A8: 5 | B8: SQL Server | C8: Underlying relational database; needed for schema design from Sprint 0.
A9: 6 | B9: JWT Authentication | C9: Core to Sprint 1's entire authentication system.
A10: 7 | B10: Clean Architecture | C10: The layering pattern (API/Application/Domain/Infrastructure) used throughout the backend.
A11: 8 | B11: Azure Fundamentals | C11: Baseline cloud literacy needed before Sprint 9/12 infra work.
A12: 9 | B12: Azure App Services | C12: Hosting platform for frontend + backend in Sprint 12.
A13: 10 | B13: Azure SQL | C13: Production database service used in Sprint 12.
A14: 11 | B14: Azure DevOps | C14: Boards/Repos/Pipelines used from Sprint 0 (setup) through Sprint 12 (CI/CD).
A15: 12 | B15: Dynamics 365 CRM | C15: Business-user side of the CRM integration built in Sprint 10.
... A18: 15 | B18: Monitoring & Observability | C18: Application Insights and logging practices used in Sprints 9, 12, and 13.
